Driver,MeanLapTime,StdLapTime,LapCount,CV,Start,Final,Gain,TyreDegradation,Explanation,ExpectedFinish,PureStrategyImpact
PIA,97.04538181818182,1.0868109906018313,55,0.011198997523014672,1.0,1.0,0.0,-0.006542327628512221,"Maintained due to Strong pace, High consistency",1.0,7.5
NOR,97.17769387755102,1.308701761353622,49,0.013467100413008923,2.0,2.0,0.0,0.007819346283162942,Maintained due to Strong pace,4.5,4.0
RUS,97.26513999999999,1.2727554554539349,50,0.01308542254145663,3.0,3.0,0.0,-0.0039167556128102965,"Maintained due to Strong pace, High consistency",2.0,6.5
VER,97.2913829787234,1.3223769368762626,47,0.013591922494980388,6.0,4.0,2.0,-0.013011976810452896,"Gained due to Strong pace, Good tyre management",4.5,6.0
